[15/12/24 09.22.10] LOMTAPS: Messages and calls are end-to-end encrypted. No one outside of this chat; not even WhatsApp; can read or listen to them.;;
[10/10/24 17.31.46] aqila TI: aqila TI created this group;;;;
[10/10/24 17.31.46] LOMTAPS: You added LOMTAPS;;;;
[15/12/24 22.58.16] aqila TI: Aps rabu lbur kan yoo?;;;;
[16/12/24 07.17.32] Anisa TI: sek aku tdk paham karo seng dijelasne ibuk e kae;;;;
[16/12/24 09.53.01] aqila TI: Pdooo;;;;
[16/12/24 10.01.47] aqila TI: teman teman;;;;
aps sk bener kpn lbure?;;;;
[16/12/24 10.02.09] momo pacrnya shua: Ssk msk;;;;
[16/12/24 10.02.13] momo pacrnya shua: Kls terkahir;;;;
[16/12/24 10.03.58] aqila TI: ril?;;;;
[16/12/24 10.04.28] Anisa TI: nah trs presentasi ne yo bsk kan?;;;;
[16/12/24 10.04.58] aqila TI: presentasine ppt?;;;;
[16/12/24 10.05.12] aqila TI: beda kro sk kemren kan?;;;;
[16/12/24 10.05.45] Anisa TI: yg perancangan kemaren ga si?;;;;
[16/12/24 10.06.27] aqila TI: yg di kls?;;;;
[16/12/24 10.06.56] Anisa TI: hooh;;;;
[16/12/24 10.07.26] aqila TI: Yohhh tpi aneh gak seh tiba-tiba perencanaan;;;;
[16/12/24 10.07.45] Anisa TI: kok?;;;;
[16/12/24 10.08.11] aqila TI: Mskde laine kan dri awal ngga tau gmana gmana nya;;;;
[16/12/24 10.08.27] Anisa TI: ntah juga sih;;;;
[16/12/24 10.08.34] Anisa TI: berharap ga presentasi;;;;
[16/12/24 10.08.42] aqila TI: Aamiin;;;;
[16/12/24 10.09.12] Anisa TI: plis technk sama aps gausa presentasi ğŸ˜­ğŸ™ğŸ»;;;;
[16/12/24 10.16.55] aqila TI: Techno ne kalian masjk ogak?;;;;
[16/12/24 10.17.37] Anisa TI: gatau masuk engga;;;;
[16/12/24 10.22.03] aqila TI: image omitted;;;;
[16/12/24 10.38.34] Anisa TI: iya itu pengumuman minggu kmrn;;;;
[16/12/24 22.37.36] aqila TI: aps ki kon ngapakne seh;;;;
[16/12/24 22.37.41] aqila TI: tdak jelasss;;;;
[16/12/24 22.37.46] aqila TI: metopen brangg;;;;
[16/12/24 22.37.49] aqila TI: ishhsihh;;;;
[17/12/24 06.55.22] Anisa TI: nyelesaiin sampe antarmuka;;;;
[17/12/24 06.55.28] Anisa TI: ini tak tau;;;;
[17/12/24 08.15.00] aqila TI: _Assalamu'alaikum warahmatullahi wabarakatuh;_;;;
;;;;
Mengingatkan kembali batas akhir pengumpulan Tugas Akhir-Perancangan Sistem APS kelas C adalah hari ini pukul 23.59 WIB. Link pengumpulan sudah saya taruh di spada.;;;;
;;;;
Pastikan:;;;;
1. Setiap mahasiswa wajib mengunggah hasil pengerjaan Tugas Akhir (Perancangan Sistem) sebagai bukti pengerjaan.;;;;
2. Hasil tugas Perancangan digabung dengan hasil tugas Analisis (sebelum UTS).;;;;
    Silahkan upload hasil pengerjan tugas Anda dalam bentuk Pdf (Pastikan file yang anda upload sudah benar).;;;;
[17/12/24 08.15.15] Anisa TI: bener kan kan;;;;
[17/12/24 08.15.21] aqila TI: Huhh;;;;
[17/12/24 08.15.30] Anisa TI: kurang antar muka sama apa?;;;;
[17/12/24 08.15.37] aqila TI: Banyakk;;;;
[17/12/24 08.15.49] Anisa TI: he mosok;;;;
[17/12/24 08.17.12] aqila TI: image omitted;;;;
[17/12/24 08.17.42] Anisa TI: sangat byk ternyata;;;;
[17/12/24 08.18.04] Anisa TI: aku gbs bikin antarmuka nya; jadi aku mau nyoba ngerjain yg lain;;;
[17/12/24 08.18.15] Anisa TI: gatau cara make figmağŸ˜­;;;;
[17/12/24 08.20.40] Anisa TI: Tambahan:;;;;
;;;;
Pertemuan besok Rabu;18 Desember 2024 adalah pertemuan terakhir (ke 14); jadi silahkan disiapkan presentasi kelompoknya dalam bentuk PPT yang menarik.;;
[17/12/24 08.20.44] Anisa TI: hayoloh;;;;
[17/12/24 08.20.48] aqila TI: Tenang;;;;
[17/12/24 08.20.54] aqila TI: Mulai pagi ini yoo;;;;
[17/12/24 08.20.56] Anisa TI: kok tenang?;;;;
[17/12/24 08.21.10] Anisa TI: ngerjain tugas e?;;;;
[17/12/24 08.21.15] aqila TI: Iyaa;;;;
[17/12/24 08.21.27] aqila TI: Mulai inj dlu dilengkapin di word;;;;
[17/12/24 08.21.32] aqila TI: Satu satu;;;;
[17/12/24 08.21.49] Anisa TI: aku tak nyicil ppt dulu ya;;;;
[17/12/24 08.22.13] Anisa TI: seng udah dikirim kmrn;;;;
[17/12/24 08.22.21] Anisa TI: inih;;;;
[17/12/24 08.22.24] aqila TI: Sbnere kemaren akh udh yg antar muka; tpi ngga lengkap;;;
Hbs sarapan tak lengkapin;;;;
[17/12/24 08.22.34] Anisa TI: liat qil;;;;
[17/12/24 08.22.42] aqila TI: Iyaa;;;;
[17/12/24 08.22.45] Anisa TI: kamu nek bikin pake apa;;;;
[17/12/24 08.23.00] aqila TI: Bentarr;;;;
Laptopku msh tak cassasss;;;;
[17/12/24 08.23.04] aqila TI: Template figma;;;;
[17/12/24 08.23.31] Anisa TI: yaudah;;;;
[17/12/24 08.57.55] aqila TI: Kiirm sni yo ww link nya;;;;
[17/12/24 08.59.35] Anisa TI: *Link PPT*;;;;
https://www.canva.com/design/DAGZgYMDM28/cpF52nK6qGzC5V68DnkiDg/edit?utm_content=DAGZgYMDM28&utm_campaign=designshare&utm_medium=link2&utm_source=sharebutton;;;;
[17/12/24 09.30.48] Anisa TI: udah selesai;;;;
[17/12/24 09.39.19] aqila TI: kabeh?;;;;
[17/12/24 09.39.28] aqila TI: iki activity 5 klom?;;;;
[17/12/24 09.39.31] aqila TI: atau 2?;;;;
[17/12/24 09.41.13] Anisa TI: yg kmrn tok to;;;;
[17/12/24 09.41.20] Anisa TI: 2 ae ga sih ğŸ˜­;;;;
[17/12/24 09.43.50] aqila TI: Ddi admin; payment dan petugas masukne sistem?;;;
[17/12/24 09.44.34] aqila TI: https://lucid.app/lucidchart/910fd586-70b2-44df-9788-ecf5e8c66e47/edit?viewport_loc=-63%2C-355%2C2758%2C1200%2C0_0&invitationId=inv_8c5eb56e-020b-496c-8e59-9b8af738ebfe;;;;
;;;;
;;;;
nk kalian pgn ngedit;;;;
[17/12/24 09.49.21] Anisa TI: login ndadakan;;;;
[17/12/24 09.49.38] aqila TI: yo tanggal log in;;;;
[17/12/24 09.49.38] Anisa TI: kita bagian server client e itu gmn?;;;;
[17/12/24 09.50.29] aqila TI: antarmuka ku kemaren;;;;
https://www.figma.com/design/YStHDlRm16Pswq2Q7FyGW3/Train-Ticket-Booking-App-UI-(Community)?node-id=54-571&t=wbfaiHCXxDkGShZt-1;;;;
[17/12/24 09.51.33] Anisa TI: ih bagus qill;;;;
[17/12/24 09.51.39] Anisa TI: keren plis;;;;
[17/12/24 09.56.45] aqila TI: template kwiii;;;;
[17/12/24 09.56.52] aqila TI: iki swekk;;;;
[17/12/24 11.19.26] haninn: gess kurang apa ya??;;;;
[17/12/24 11.57.11] aqila TI: Iki cbo nin;;;;
Kurang ogak;;;;
[17/12/24 12.36.07] Anisa TI: banyakk;;;;
[17/12/24 16.15.47] Anisa TI: qill bikin activity diagram make ap?;;;;
[17/12/24 16.19.57] aqila TI: Iki loo activity;;;;
[17/12/24 16.20.31] Anisa TI: manane lucid?;;;;
[17/12/24 16.20.40] Anisa TI: namane licuid;;;;
[17/12/24 17.15.16] momo pacrnya shua: aku harus ngpp????;;;;
[17/12/24 17.15.22] momo pacrnya shua: habis selasai ngerjain metopen;;;;
[17/12/24 17.17.09] Anisa TI: metopen bsk gajadi online?;;;;
[17/12/24 17.23.03] aqila TI: Iyaa;;;;
[17/12/24 17.23.05] aqila TI: Jdi;;;;
[17/12/24 17.23.14] Anisa TI: bener kan?;;;;
[17/12/24 17.23.28] Anisa TI: ga boong?;;;;
[17/12/24 17.52.05] aqila TI: Iya cinta;;;;
[17/12/24 18.28.01] Anisa TI: yaudah makasih;;;;
[17/12/24 18.28.15] Anisa TI: bagi file aps yg ada daftar pustakanya;;;;
[17/12/24 18.28.23] aqila TI: Hah;;;;
[17/12/24 18.28.30] Anisa TI: yg dulu;;;;
[17/12/24 18.28.37] aqila TI: Lapropmuu;;;;
[17/12/24 18.28.43] aqila TI: Dinlaptopmuu sk dluu;;;;
[17/12/24 18.28.48] Anisa TI: gaada terbaru;;;;
[17/12/24 18.29.09] aqila TI: Iki kan?;;;;
[17/12/24 18.29.49] Anisa TI: lah punyaku sendiri gaada:(;;;;
[17/12/24 18.30.35] aqila TI: Kehapus mungkin?;;;;
[17/12/24 18.30.44] aqila TI: Tpi msh lengkap seh isinya;;;;
[17/12/24 18.31.03] Anisa TI: ketemu etemu;;;;
[17/12/24 18.31.09] aqila TI: Yoooo;;;;
[17/12/24 18.31.49] Anisa TI: meh bikin apa aku ini;;;;
[17/12/24 18.32.13] aqila TI: Activity ne bener ngunu ogakk;;;;
[17/12/24 18.33.10] Anisa TI: iya qill kyk gitu;;;;
[17/12/24 18.33.36] aqila TI: Brrti lnjut erd dan data flow;;;;
[17/12/24 18.35.04] Anisa TI: image omitted;;;;
[17/12/24 18.35.28] Anisa TI: eh dulu make apa?;;;;
[17/12/24 18.35.31] Anisa TI: oh udah;;;;
[17/12/24 18.42.06] ~â€¯galuhandhini: image omitted;;;;
[17/12/24 18.45.06] aqila TI: Sepertinya iyoo;;;;
[17/12/24 19.16.09] ~â€¯galuhandhini: https://id.scribd.com/document/409317367/LAPORAN-KULIAH-KERJA-LAPANGAN-KAI-docx;;;;
[17/12/24 19.16.15] ~â€¯galuhandhini: kyk gitu ga sii??;;;;
[17/12/24 19.17.59] Anisa TI: kyk e iya tp sesuai sama tugas;;;;
[17/12/24 19.23.35] Anisa TI: image omitted;;;;
[17/12/24 19.27.34] aqila TI: Kyone iyoo;;;;
[17/12/24 19.27.47] aqila TI: Uws sehh;;;;
Tpi sek real e ogk diisi?;;;;
[17/12/24 19.28.09] Anisa TI: maksud e real?;;;;
[17/12/24 19.28.36] Anisa TI: oh sesuai karo apl e?;;;;
[17/12/24 19.28.36] aqila TI: Keterangan relasine ikuu mlsdku;;;;
[17/12/24 19.28.50] Anisa TI: one to many ne?;;;;
[17/12/24 19.29.11] aqila TI: audio omitted;;;;
[17/12/24 19.29.59] Anisa TI: image omitted;;;;
[17/12/24 19.30.15] aqila TI: Nahh hooo;;;;
[17/12/24 19.31.01] Anisa TI: itu nanti sek;;;;
[17/12/24 19.31.08] aqila TI: Iyaaa;;;;
[17/12/24 19.31.09] Anisa TI: penting didalem table e bener?;;;;
[17/12/24 19.31.22] aqila TI: Bener nk dri akuu;;;;
[17/12/24 19.31.31] Anisa TI: aku takut i qill;;;;
[17/12/24 19.31.36] aqila TI: Ngipoooo;;;;
[17/12/24 19.31.44] Anisa TI: nek bsk presentasi;;;;
[17/12/24 19.31.56] aqila TI: Penting ini jdi aman;;;;
[17/12/24 19.31.58] aqila TI: Semoga;;;;
[17/12/24 19.32.13] Anisa TI: takut;;;;
[17/12/24 19.32.18] Anisa TI: tetep takut;;;;
[17/12/24 19.32.35] aqila TI: Wajar sehh;;;;
[17/12/24 19.32.40] aqila TI: Soale akunkae yo dredeg;;;;
[17/12/24 19.32.45] aqila TI: ğŸ˜Œ;;;;
[17/12/24 19.33.02] Anisa TI: serius takut bgt;;;;
[17/12/24 19.33.14] Anisa TI: modta gabut ga?;;;;
[17/12/24 19.33.25] Anisa TI: kalo ga bantu nyelesaiin nyusun di word;;;;
[17/12/24 19.36.41] aqila TI: Btw Antarmuka ne pye?;;;;
[17/12/24 19.37.04] Anisa TI: itu aja gapapa qil;;;;
[17/12/24 19.37.40] aqila TI: Itu atau punyae hanin?;;;;
[17/12/24 19.37.48] aqila TI: image omitted;;;;
[17/12/24 19.38.10] Anisa TI: lha punya hanin yg mana;;;;
[17/12/24 19.38.21] aqila TI: Inii;;;;
[17/12/24 19.38.32] Anisa TI: manut;;;;
[17/12/24 19.38.47] Anisa TI: eh bagi itunya erd harus disamain kyk antarmuka ga sih harusnya?;;;;
[17/12/24 19.40.13] aqila TI: Antarmuka ne gak seh sk kdu kyo laien?;;;;
[17/12/24 19.40.24] momo pacrnya shua: Sek maem sek;;;;
[17/12/24 19.40.44] Anisa TI: satunya jadwal keberagkatan i apa;;;;
[17/12/24 19.41.06] aqila TI: jadwal tiba;;;;
[17/12/24 19.41.51] aqila TI: waktu;;;;
[17/12/24 19.42.00] Anisa TI: woke;;;;
[17/12/24 19.47.50] Anisa TI: sek tenan ae qil;;;;
[17/12/24 19.50.34] aqila TI: ngopo;;;;
[17/12/24 20.05.37] Anisa TI: td tbtb ilang;;;;
[17/12/24 20.12.07] aqila TI: image omitted;;;;
[17/12/24 20.12.29] Anisa TI: apa yg membuatmu tdk yakin?;;;;
[17/12/24 20.12.42] aqila TI: kyo simple ngunu;;;;
[17/12/24 20.12.48] aqila TI: tpi berwarna tdk?;;;;
[17/12/24 20.14.07] Anisa TI: kan kita gatau bener apa engga ya;;;;
[17/12/24 20.14.22] Anisa TI: yg tau cuma bu khanunğŸ™ğŸ»;;;;
[17/12/24 20.14.30] Anisa TI: mending polos ae ga sih?;;;;
[17/12/24 20.14.52] aqila TI: yooo;;;;
[17/12/24 20.15.27] aqila TI: ngko bu Khanun ngene;;;;
kan kalian yg mau buat kok tanya saya;;;;
kalian sbearnya faham ngga yg kalian buat ?;;;;
[17/12/24 20.16.44] Anisa TI: tidak bu; materi saja saya tdk pahamğŸ™ğŸ»;;;
[17/12/24 20.17.02] Anisa TI: pliss lah ibuk-ibuk lagi hamil tambah sensitif;;;;
[17/12/24 20.18.37] aqila TI: jdi slma ini kalian ngga memperhatikan saya?;;;;
[17/12/24 20.30.18] Anisa TI: tentu bu;;;;
[17/12/24 20.30.51] haninn: gess maaf banget ya seharian lagi ga di rumah ini baru di rumahhhhğŸ™ğŸ™ğŸ™ğŸ™ğŸ¥¹ğŸ¥¹ğŸ¥¹ğŸ¥¹ğŸ¥¹ğŸ¥¹;;;;
[17/12/24 20.31.10] haninn: kurang apaa siniii kasi tauu;;;;
[17/12/24 20.31.20] Anisa TI: kurang istirahat;;;;
[17/12/24 20.31.31] Anisa TI: tolong cek erd kuu bener ga;;;;
[17/12/24 20.31.38] haninn: maaf yaa;;;;
[17/12/24 20.32.33] haninn: benerrrr;;;;
[17/12/24 20.32.41] haninn: eh kurang apaaaa ini;;;;
[17/12/24 20.32.56] haninn: interface udah?;;;;
[17/12/24 20.33.11] aqila TI: la arp sk ndi?;;;;
[17/12/24 20.33.19] aqila TI: iki moqta nggawe yoan;;;;
[17/12/24 20.33.27] haninn: sg ndi?;;;;
[17/12/24 20.33.41] aqila TI: wekmu;;;;
wekku;;;;
wee moqta;;;;
[17/12/24 20.34.29] haninn: nggonku rpp ngko tak edit2;;;;
[17/12/24 20.35.06] aqila TI: yoo oleh;;;;
[17/12/24 20.35.39] haninn: image omitted;;;;
[17/12/24 20.35.45] Anisa TI: sanss;;;;
[17/12/24 20.35.55] Anisa TI: tenan ga weh;;;;
[17/12/24 20.36.22] Anisa TI: live chat sek penting; soale mslh yg kita pake gaada live chat;;;
[17/12/24 20.36.34] haninn: makasi awee;;;;
[17/12/24 20.36.35] aqila TI: riwayat;;;;
[17/12/24 20.36.41] haninn: okkk;;;;
[17/12/24 20.45.20] Anisa TI: https://1drv.ms/w/c/7d6eda945dd456e0/EXAwy2hYSF1AkH-Mof3-Iw8Bw0dNXRBQc36pCBNyju_d7w?e=tUlqJ2;;;;
[17/12/24 20.50.50] Anisa TI: dah guys;;;;
[17/12/24 20.51.08] Anisa TI: kurang activity diagram; data flow; sama antarmuka;;
[17/12/24 20.51.17] aqila TI: otw;;;;
[17/12/24 20.51.24] Anisa TI: ppt akhiran aja ya; penting yg dikumpulin jadi duluan;;;
[17/12/24 20.51.31] aqila TI: yoo;;;;
[17/12/24 20.52.41] Anisa TI: cara ganti biar penelusuran ga lgsg ke microsoft edge gmn?;;;;
[17/12/24 20.54.44] aqila TI: hah;;;;
[17/12/24 20.54.57] Anisa TI: ga ga lupakan;;;;
[17/12/24 21.02.14] Anisa TI: eh erd juga ada petugas e ga?;;;;
[17/12/24 21.03.10] aqila TI: offline?;;;;
[17/12/24 21.03.19] Anisa TI: ha?;;;;
[17/12/24 21.03.21] aqila TI: kyone ogak;;;;
[17/12/24 21.03.27] Anisa TI: yaudah;;;;
[17/12/24 21.03.37] aqila TI: kan enek admin dan petugas offline (sek ngecek tiket);;;;
[17/12/24 21.03.46] Anisa TI: oh iya kan focus e online;;;;
[17/12/24 21.04.04] Anisa TI: erd ku ga ditambahi berarti?;;;;
[17/12/24 21.04.12] aqila TI: tidak usahh;;;;
[17/12/24 21.04.21] Anisa TI: oke siap;;;;
[17/12/24 21.11.22] Anisa TI: guys ada yg bisa bikin data flow ga?;;;;
[17/12/24 21.12.55] aqila TI: Moo;;;;
[17/12/24 21.13.29] momo pacrnya shua: ho;;;;
[17/12/24 21.13.36] Anisa TI: ğŸ˜­;;;;
[17/12/24 22.00.45] haninn: image omitted;;;;
[17/12/24 22.00.45] haninn: image omitted;;;;
[17/12/24 22.01.01] haninn: kurang apaa ui nya??;;;;
[17/12/24 22.03.36] Anisa TI: sudah cukup;;;;
[17/12/24 22.03.43] haninn: okeyy;;;;
[17/12/24 22.03.48] Anisa TI: potong jadi 2/3 nin;;;;
[17/12/24 22.03.54] haninn: iyaa;;;;
[17/12/24 22.03.54] Anisa TI: biar ga kecil bgt gambar e;;;;
[17/12/24 22.04.54] aqila TI: Ukupp;;;;
[17/12/24 22.23.21] haninn: udah tak masukinn;;;;
[17/12/24 22.23.49] Anisa TI: thanks hanin;;;;
[17/12/24 22.23.58] haninn: makasihh jugaa;;;;
[17/12/24 22.24.02] haninn: apa lagii??;;;;
[17/12/24 22.25.33] aqila TI: makasihh haninn;;;;
[17/12/24 22.25.44] aqila TI: dataflow tpi aw jre uws;;;;
[17/12/24 22.26.05] Anisa TI: heh mana ada;;;;
[17/12/24 22.26.07] Anisa TI: ğŸ˜­;;;;
[17/12/24 22.27.16] aqila TI: mo otw;;;;
[17/12/24 22.27.25] aqila TI: ğŸ˜˜;;;;
[17/12/24 22.27.26] Anisa TI: ati ati;;;;
[17/12/24 22.27.36] Anisa TI: gausa ngebut;;;;
[17/12/24 22.27.47] aqila TI: makasihh;;;;
[17/12/24 22.27.52] Anisa TI: ngebut deh hbs ini jam 23.00;;;;
[17/12/24 22.27.57] aqila TI: tpi mksdku moqta otw ngerjakneeğŸ˜­ğŸ˜­ğŸ˜­ğŸ˜­;;;;
[17/12/24 22.28.06] Anisa TI: hehhh;;;;
[17/12/24 22.28.08] aqila TI: sticker omitted;;;;
[17/12/24 22.28.18] haninn: piee dfd?;;;;
[17/12/24 22.28.18] Anisa TI: sticker omitted;;;;
[17/12/24 22.28.27] Anisa TI: iyaa;;;;
[17/12/24 22.28.42] Anisa TI: https://creately.com/diagram-community/popular/t/data-flow;;;;
[17/12/24 22.28.48] Anisa TI: make itu kata qila;;;;
[17/12/24 22.36.31] haninn: https://electrician.unila.ac.id/index.php/ojs/article/view/2198/398;;;;
[17/12/24 22.36.35] haninn: enek contoh dfd ne;;;;
[17/12/24 22.38.41] aqila TI: nk ng ppt;;;;
DFD Level 1:;;;;
DFD Level 1 akan merinci proses utama menjadi sub-proses yang lebih spesifik. DFD Level 0 (Context Diagram):;;;;
DFD Level 0 ini akan menggambarkan sistem secara garis besar denganÂ 1Â prosesÂ utama.;;;;
[17/12/24 22.38.53] aqila TI: sampe level 1;;;;
[17/12/24 22.39.30] aqila TI: image omitted;;;;
[17/12/24 22.39.34] aqila TI: laine lvl 2;;;;
[17/12/24 22.40.58] haninn: https://www.sistemphp.com/sistem-informasi-manajemen-penjualan-tiket-kereta-api/;;;;
[17/12/24 22.41.28] haninn: iki enek lv 0 1;;;;
[17/12/24 22.41.35] haninn: sg dinggo lvl?;;;;
[17/12/24 22.41.38] Anisa TI: gek apa ini ga keliatan;;;;
[17/12/24 22.43.26] aqila TI: bukak nnn;;;;
[17/12/24 22.43.32] aqila TI: ogak ngertiii;;;;
[17/12/24 22.43.44] haninn: persis iki po?;;;;
[17/12/24 22.44.13] Anisa TI: oh ada link to;;;;
[17/12/24 22.44.29] aqila TI: ngangge sek level pro sehh;;;;
[17/12/24 22.44.43] Anisa TI: iya ga sih;;;;
[17/12/24 22.45.02] Anisa TI: ntah gaada info disuruh brp;;;;
[17/12/24 22.45.20] aqila TI: mdgku antarmuka;;;;
[17/12/24 22.45.30] aqila TI: df iki blasss tdak tahuu;;;;
[17/12/24 22.45.39] haninn: ha?;;;;
[17/12/24 22.45.40] Anisa TI: real;;;;
[17/12/24 22.45.53] Anisa TI: mudengku antarmuka;;;;
[17/12/24 22.46.02] haninn: astgaa;;;;
[17/12/24 22.46.13] haninn: aqila anomali menyingkat;;;;
[17/12/24 22.46.15] aqila TI: moqta lgi mmbut gess;;;;
[17/12/24 22.46.19] Anisa TI: biasa qila mah;;;;
[17/12/24 22.46.29] Anisa TI: ngebut?;;;;
[17/12/24 22.46.32] haninn: pieee dfd uwes dikerjakne moqta?;;;;
[17/12/24 22.46.41] aqila TI: hoo moqta lgi mmbuat;;;;
[17/12/24 22.46.50] Anisa TI: oh membuat;;;;
[17/12/24 22.46.55] aqila TI: muachh;;;;
[17/12/24 22.47.01] haninn: butuh bantuan ra mo?;;;;
[17/12/24 22.47.06] Anisa TI: penerjemah qila;;;;
[17/12/24 22.47.14] aqila TI: kwi ish iso dibaca lo ninnğŸ˜˜;;;;
[17/12/24 22.47.24] aqila TI: image omitted;;;;
[17/12/24 22.47.41] Anisa TI: bisa dishare to;;;;
[17/12/24 22.47.42] aqila TI: lgi mode dnd gess;;;;
[17/12/24 22.47.50] haninn: tapi rada mikir;;;;
[17/12/24 22.47.51] Anisa TI: weh;;;;
[17/12/24 22.48.02] haninn: omagah;;;;
[17/12/24 22.48.47] Anisa TI: diisi dulu gform nya; nanti tinggal upload file;;;
[17/12/24 22.49.21] aqila TI: image omitted;;;;
[17/12/24 22.49.27] Anisa TI: iyupsss;;;;
[17/12/24 22.49.30] haninn: kelompok 8 kelas c ?;;;;
[17/12/24 22.49.39] Anisa TI: 1000000;;;;
[17/12/24 22.49.44] haninn: okeyyy;;;;
[17/12/24 22.50.07] momo pacrnya shua: https://app.creately.com/d/qyKuQdhseWI/edit/s/ZvOR9LaDn5L plis bantu otaku stack;;;;
[17/12/24 22.50.32] momo pacrnya shua: image omitted;;;;
[17/12/24 22.50.41] momo pacrnya shua: anune itu;;;;
[17/12/24 22.51.27] Anisa TI: weh salkir guys;;;;
[17/12/24 22.52.39] momo pacrnya shua: nek salah ganti ae po;;;;
[17/12/24 22.52.40] aqila TI: hoo;;;;
[17/12/24 22.52.44] momo pacrnya shua: pkae punya aw?;;;;
[17/12/24 22.52.51] momo pacrnya shua: hah apa;;;;
[17/12/24 22.52.52] aqila TI: wekmu wae wss;;;;
[17/12/24 22.53.02] aqila TI: group aps kls;;;;
[17/12/24 22.53.16] aqila TI: load;;;;
[17/12/24 22.53.28] aqila TI: heh activity ki bner ngnu tok?;;;;
[17/12/24 22.53.46] aqila TI: aku mau nonton wee amara akeh sekale;;;;
[17/12/24 22.55.12] Anisa TI: aku tadi nanya ami dia cuma 3 kolom;;;;
[17/12/24 22.55.18] Anisa TI: tp gatau brp e;;;;
[17/12/24 22.55.30] haninn: benerrr;;;;
[17/12/24 22.57.09] Anisa TI: punya amara dfd ne dikit bt noh;;;;
[17/12/24 22.58.46] aqila TI: hoo ii;;;;
[17/12/24 22.59.01] aqila TI: yooo tengtenmg;;;;
[17/12/24 23.01.33] momo pacrnya shua: admine nyambungine pie;;;;
[17/12/24 23.01.44] Anisa TI: petugas e hoo ga?;;;;
[17/12/24 23.03.31] momo pacrnya shua: engga kata aql;;;;
[17/12/24 23.03.36] momo pacrnya shua: bingugn admin;;;;
[17/12/24 23.03.54] Anisa TI: wes gitu tok apa meh gmn;;;;
[17/12/24 23.03.55] momo pacrnya shua: tugase mengelola jadwal tpi nyambunge kemana;;;;
[17/12/24 23.04.53] aqila TI: kok klian iso bkk sehh;;;;
[17/12/24 23.05.43] Anisa TI: image omitted;;;;
[17/12/24 23.05.50] Anisa TI: buka apa;;;;
[17/12/24 23.06.02] aqila TI: ikiii;;;;
[17/12/24 23.06.06] aqila TI: wekku muter trss;;;;
[17/12/24 23.06.24] Anisa TI: image omitted;;;;
[17/12/24 23.07.23] Anisa TI: ntahlah; make akun ums hehe;;;
[17/12/24 23.13.06] momo pacrnya shua: image omitted;;;;
[17/12/24 23.13.13] momo pacrnya shua: ngeblur parah i;;;;
[17/12/24 23.13.24] aqila TI: Iki ogak;;;;
[17/12/24 23.13.36] aqila TI: Ss full ngko crop ng word;;;;
[17/12/24 23.13.57] Anisa TI: image omitted;;;;
[17/12/24 23.14.21] momo pacrnya shua: pie salh g?;;;;
[17/12/24 23.14.34] Anisa TI: engga insyaallah;;;;
[17/12/24 23.14.45] momo pacrnya shua: aql hanin?;;;;
[17/12/24 23.15.04] aqila TI: Ogakk;;;;
[17/12/24 23.15.24] Anisa TI: udah fiks?;;;;
[17/12/24 23.15.28] aqila TI: Fix;;;;
[17/12/24 23.15.30] momo pacrnya shua: okee;;;;
[17/12/24 23.15.38] aqila TI: Ndnag dikumpul;;;;
Arp tak ganti topik;;;;
[17/12/24 23.15.55] momo pacrnya shua: aw tolong tempel di aku ngeblur parah;;;;
[17/12/24 23.16.10] aqila TI: udahh;;;;
[17/12/24 23.16.12] Anisa TI: cek word blur ga?;;;;
[17/12/24 23.16.22] aqila TI: ogak;;;;
[17/12/24 23.16.25] aqila TI: kok dihapuss mnhh;;;;
[17/12/24 23.16.31] Anisa TI: dah guys makasih banyakk;;;;
[17/12/24 23.16.35] Anisa TI: engga;;;;
[17/12/24 23.16.43] Anisa TI: silahkan istirahat;;;;
[17/12/24 23.16.49] Anisa TI: jgn lupa ngumpulin;;;;
[17/12/24 23.17.06] aqila TI: uooo;;;;
[17/12/24 23.17.10] aqila TI: makasihh kembalii;;;;
[17/12/24 23.17.22] aqila TI: HEH NJLK PDF;;;;
[17/12/24 23.17.30] aqila TI: ng aku sk df ogk enek gambare;;;;
[17/12/24 23.17.35] Anisa TI: sticker omitted;;;;
[17/12/24 23.17.40] Anisa TI: oke wait;;;;
[17/12/24 23.17.43] momo pacrnya shua: tengkyuu ngoll;;;;
[17/12/24 23.17.52] momo pacrnya shua: tnegkyu sm;;;;
[17/12/24 23.17.54] aqila TI: oke ngol;;;;
[17/12/24 23.18.01] momo pacrnya shua: map ya nek salah dfd ne;;;;
[17/12/24 23.18.15] momo pacrnya shua: opo ur topik;;;;
[17/12/24 23.18.20] haninn: makasihh semuaa;;;;
[17/12/24 23.18.28] Anisa TI: Laporan Anilisis Kelompok 8.pdf â€¢ 16 pages document omitted;;;;
[17/12/24 23.18.39] Anisa TI: topik apa?;;;;
[17/12/24 23.18.52] haninn: makasihhh lop yuu semwağŸ˜˜ğŸ˜˜;;;;
[17/12/24 23.19.16] Anisa TI: dijadiin pdf ngeblur semua gambarnya;;;;
[17/12/24 23.19.18] aqila TI: SPO SEK ABSEN PAS ZOOM METOPEN WINGII?;;;;
[17/12/24 23.19.26] Anisa TI: aku;;;;
[17/12/24 23.19.47] Anisa TI: https://forms.gle/MTjp8rFkqqULqiVG6;;;;
[17/12/24 23.19.54] aqila TI: MAKASIHH;;;;
[17/12/24 23.19.59] aqila TI: iyoi;;;;
[17/12/24 23.20.00] aqila TI: pyee;;;;
[17/12/24 23.20.04] aqila TI: ttp dikumpul kwi?;;;;
[17/12/24 23.20.13] Anisa TI: udah gbs ga sih?;;;;
[17/12/24 23.20.17] Anisa TI: hoo;;;;
[17/12/24 23.21.35] momo pacrnya shua: g bisa ngp?;;;;
[17/12/24 23.21.49] momo pacrnya shua: ttp i dhn;;;;
[17/12/24 23.22.20] aqila TI: yahh;;;;
[17/12/24 23.22.27] aqila TI: ora entuk sertif dongg;;;;
[17/12/24 23.22.33] momo pacrnya shua: eh hoo ngeblur parah;;;;
[17/12/24 23.22.38] momo pacrnya shua: kok iso ngeblur si;;;;
[17/12/24 23.22.44] aqila TI: wekku ogak;;;;
[17/12/24 23.22.48] momo pacrnya shua: kok?;;;;
[17/12/24 23.23.01] aqila TI: L200220264_Aqila Shafa Fazira_Laporan Anilisis Kelompok 8.pdf â€¢ 16 pages document omitted;;;;
[17/12/24 23.23.29] Anisa TI: terlanjur ngumpul:(;;;;
[17/12/24 23.23.39] aqila TI: iki ko comment? atau wa?;;;;
[17/12/24 23.25.09] Anisa TI: komen i;;;;
[17/12/24 23.25.12] Anisa TI: emng wa ada?;;;;
[17/12/24 23.25.12] aqila TI: Yahhh;;;;
[17/12/24 23.25.26] aqila TI: Soale aku ngisi form regist ternyatahhh;;;;
[17/12/24 23.25.45] Anisa TI: walah;;;;
[17/12/24 23.26.06] Anisa TI: gapapa qill udah terlanjur;;;;
[17/12/24 23.26.28] aqila TI: Yohh gak dpt sertiff;;;;
[17/12/24 23.27.15] momo pacrnya shua: kumpulin ulang cepett;;;;
[17/12/24 23.27.41] Anisa TI: gapapa weh nanti ibuk e juga pasti liat lek jelas ğŸ˜­;;;;
[17/12/24 23.27.50] Anisa TI: ga dpt moso?;;;;
[17/12/24 23.28.44] momo pacrnya shua: Ahahahaa;;;;
[17/12/24 23.28.49] momo pacrnya shua: Aku kumpul ulang i;;;;
[17/12/24 23.29.55] Anisa TI: gapapa mo;;;;
[17/12/24 23.32.01] momo pacrnya shua: Okee;;;;
[17/12/24 23.32.24] aqila TI: Brrti ssk cma masuk pak fatah dan aps kan ?;;;;
[17/12/24 23.32.40] momo pacrnya shua: Betsul;;;;
[17/12/24 23.32.56] aqila TI: Hmmm;;;;
Pak fatah;;;;
"[17/12/24 23.33.05] momo pacrnya shua: Doso""";;;;
[17/12/24 23.33.10] momo pacrnya shua: Opo r sh masuk wkwkw;;;;
[17/12/24 23.33.22] momo pacrnya shua: Tpi masuk sore tok mlh kena ujan si;;;;
[17/12/24 23.33.42] aqila TI: Arp ng kmps trs?;;;;
[17/12/24 23.33.47] aqila TI: Astagfirullah;;;;
[17/12/24 23.34.14] momo pacrnya shua: Kn niat mu;;;;
[17/12/24 23.34.22] momo pacrnya shua: Meh karaoke;;;;
[17/12/24 23.38.10] haninn: astaga karaokee;;;;
[17/12/24 23.38.22] aqila TI: Kandankne umi mu;;;;
[17/12/24 23.38.26] aqila TI: Tak rekam ssk;;;;
[17/12/24 23.38.51] momo pacrnya shua: Wkwkwkwkkwkw parah cepu;;;;
[17/12/24 23.39.03] aqila TI: Ben seru;;;;
[17/12/24 23.39.05] aqila TI: Menantang;;;;
[17/12/24 23.39.14] momo pacrnya shua: Yuyur km yg mau kanğŸ«µğŸ»ğŸ™„ğŸ˜‡;;;;
[17/12/24 23.39.21] momo pacrnya shua: Menantang maut;;;;
[17/12/24 23.39.48] haninn: 12 rb?;;;;
[17/12/24 23.42.14] momo pacrnya shua: WKWKWKKWKWW;;;;
[18/12/24 07.44.45] aqila TI: Pak fatah klian msuk ogk?;;;;
[18/12/24 07.56.10] momo pacrnya shua: Meh mbolos?;;;;
[18/12/24 07.57.42] Anisa TI: engga;;;;
[18/12/24 07.59.03] aqila TI: Tpi iki rabu terakhir gk seh?;;;;
[18/12/24 07.59.24] momo pacrnya shua: Engga opo aw i;;;;
[18/12/24 07.59.27] Anisa TI: hoo;;;;
[18/12/24 07.59.33] Anisa TI: metopen kmrn ttd brp?;;;;
[18/12/24 08.00.04] Anisa TI: engga masuk;;;;
[18/12/24 08.24.12] momo pacrnya shua: Sopo seng masuk;;;;
"[18/12/24 08.24.24] momo pacrnya shua: Kok aku jdi mager gara"" kalian tanya masuk apa engga";;;;
[18/12/24 08.25.02] momo pacrnya shua: Aql msk r? HNin?;;;;
[18/12/24 08.26.04] ~â€¯galuhandhini: â˜ğŸ»;;;;
[18/12/24 08.50.33] Anisa TI: tipsen mesti? <This message was edited>;;;;
[18/12/24 08.55.11] Anisa TI: tolong infoin kalo ada tugas;;;;
[18/12/24 08.59.23] aqila TI: Hehehe;;;;
[18/12/24 09.00.40] Anisa TI: kalian tipsen?;;;;
[18/12/24 09.00.48] aqila TI: Tpi akeh sk ogak masuk;;;;
[18/12/24 09.00.57] Anisa TI: moso?;;;;
[18/12/24 09.01.02] aqila TI: Ngeyel y sdh;;;;
[18/12/24 09.01.19] Anisa TI: waduh kasian bpk e;;;;
[18/12/24 09.01.28] aqila TI: Masuk o makane;;;;
[18/12/24 09.01.33] aqila TI: Iki hanin masuk gk sehh;;;;
[18/12/24 09.02.02] haninn: masukk;;;;
[18/12/24 09.02.09] haninn: isih ng omahh;;;;
[18/12/24 09.02.43] Anisa TI: aku meh ngerjain metopen soale;;;;
[18/12/24 09.04.40] haninn: ngopo metopen?;;;;
[18/12/24 09.04.53] aqila TI: Metopen lbur;;;;
[18/12/24 09.05.02] aqila TI: Metode?;;;;
[18/12/24 09.05.18] Anisa TI: aku kan metopen blm;;;;
[18/12/24 09.21.27] ~â€¯galuhandhini: absen e langsung 2 mau;;;;
[18/12/24 09.21.28] ~â€¯galuhandhini: soale mingdep libur;;;;
[18/12/24 09.21.38] ~â€¯galuhandhini: Pak fatah;;;;
[18/12/24 09.21.39] Anisa TI: boleh;;;;
[18/12/24 09.24.06] ~â€¯galuhandhini: Kmu mau tipsen?;;;;
[18/12/24 09.24.19] Anisa TI: yups;;;;
[18/12/24 09.24.53] ~â€¯galuhandhini: Okee;;;;
[18/12/24 09.25.42] Anisa TI: makasih;;;;
[18/12/24 09.25.45] Anisa TI: aman ga tipsen?;;;;
[18/12/24 09.34.04] ~â€¯galuhandhini: Aman;;;;
[18/12/24 09.35.47] aqila TI: Hehh;;;;
[18/12/24 09.35.58] aqila TI: Tipsen dongg;;;;
[18/12/24 09.52.15] ~â€¯galuhandhini: Udah tak tipsenin;;;;
[18/12/24 12.13.28] aqila TI: Ppt kurang apa gess?;;;;
[18/12/24 13.03.10] aqila TI: sk antarmuka copas ko word / pyee?;;;;
[18/12/24 13.10.05] aqila TI: kurang antarmukaa;;;;
[18/12/24 13.10.17] aqila TI: soale aku copas ko word ddi blur mlhn;;;;
[18/12/24 14.02.05] aqila TI: Spo sk dwdm uws;;;;
[18/12/24 14.02.16] aqila TI: Menyerah akuuğŸ˜€ğŸ˜€ğŸ˜€ğŸ˜€ğŸ˜€;;;;
[18/12/24 14.49.25] Anisa TI: aku kmrn nyoba yo gbs;;;;
[18/12/24 14.49.32] Anisa TI: nanya gpt malah soyo;;;;
[18/12/24 14.50.12] aqila TI: Syo ra jelaa;;;;
[18/12/24 14.50.49] Anisa TI: bgtt;;;;
[18/12/24 15.24.40] aqila TI: Spo sk bawa laptop?;;;;
[18/12/24 15.24.50] Anisa TI: aku bawa;;;;
[18/12/24 15.25.16] aqila TI: Yooo;;;;
[18/12/24 15.29.33] Anisa TI: kalian siap presentasi?;;;;
[18/12/24 15.31.05] aqila TI: Nggak;;;;
[18/12/24 15.31.08] aqila TI: Emang kmu siap?;;;;
[18/12/24 15.31.50] Anisa TI: jelaslah;;;;
[18/12/24 15.32.00] Anisa TI: ora siap maksud e;;;;
[18/12/24 15.32.07] Anisa TI: berdoa yg presentasi bukan kita;;;;
[18/12/24 15.41.07] Anisa TI: ayo guys masuk;;;;
[18/12/24 15.44.14] aqila TI: Yooo;;;;
[18/12/24 15.53.37] ~â€¯galuhandhini: image omitted;;;;
[18/12/24 16.09.54] aqila TI: KISI-KISI APS;;;;
;;;;
1. Keluaran dan masukan;;;;
Dipelajari definisi; contoh; cara membuat; tips n trick;
;;;;
2. Usecase diagran;;;;
Yg seperti apa; digunakan untuk apa (untuk menggambarkan aktornya; case case) ;;
Usecase diagram merupakan sebuah kodel yg menggambarkan aktor aktor di sebuah sistem;;;;
Cara menggambarkan ;;;;
Untuk menghubungkan aktor dan case nya;;;;
;;;;
3. Activity diagram;;;;
Seperti apa; menunjukkan alur aktivitas yg bisa dilakukan masing-masing pengguna di sistem dari start sampai end. Simbol start; activity; join; dll
;;;;
4. ERD;;;;
Seperti apa; fungsi; tipe (konseptul; physical; logical)
Contoh soal: silahkan modelkan database; berikan pemodelan perancangan sistem berupa model untuk menggambarkan masing masing aktor beserta case-casenya (pake usecase);;;
;;;;
5. Konstruksi dan implementasi sistem (spada);;;;
Membahas hal-hal yg dilakukan setelah proses perancangan sistem;;;;
A. Konstruksi: proses pembuatan sistem dari dokumen perancangan yg sudh dibuat. ;;;;
Tahap: pembuatan; instalasi; testing;;
Ada 4 tahapan (konstruksi);;;;
Penanggung jawab siapa;;;;
Langkah dan tahapan;;;;
Contoh soal:fase-fase di konstruksi ;;;;
;;;;
B. Implementasi: Implementasi sistem ke lingkungan yg sebenarnya (Instalasi ke lingkuan sebenarnya);;;;
Contoh: mencobakan sistem ke perpusnya langsung (instalasi di pc perpustakaan);;;;
Beberapa tahapan Implementasi (5 tahapan);;;;
Penanggung jawab siapa;;;;
Contoh soal: Jelaskan fase train user di implementasi;  fase-fase di konstruks;;;
[18/12/24 16.17.10] Anisa TI: C_L200220172_Rosida Dewi Utami.pdf â€¢ 10 pages document omitted;;;;
[18/12/24 18.32.51] aqila TI: Iki sk lbh pendek enek tdak....;;;;
[18/12/24 18.33.59] aqila TI: Nk kalian pgn lbh pendek;;;;
Ditulis sk lbh awa wae;;;;
[18/12/24 18.34.14] aqila TI: Kan kwi kbh nama diitung makane akehh;;;;
[18/12/24 18.41.08] momo pacrnya shua: Awa wae?;;;;
[18/12/24 18.43.04] aqila TI: Hah;;;;
[18/12/24 18.47.03] Anisa TI: gaadaa;;;;
[18/12/24 18.47.07] Anisa TI: hah?;;;;
[18/12/24 18.51.13] momo pacrnya shua: Awa wae;;;;
[18/12/24 18.51.36] aqila TI: r jls;;;;
[18/12/24 18.52.06] momo pacrnya shua: Kw sek r jelasss;;;;
[18/12/24 18.52.23] momo pacrnya shua: Nk kalian pgn lbh pendek;;;;
Ditulis sk lbh *awa wae*;;;;
[18/12/24 18.52.27] momo pacrnya shua: Opo sii;;;;
[18/12/24 18.53.03] momo pacrnya shua: L kw ngetik opo sek;;;;
[18/12/24 18.54.47] Anisa TI: awa wae apa maksudnya;;;;
[18/12/24 18.55.08] momo pacrnya shua: Ya ga tau aqila yg nukis makne aku tanya;;;;
[18/12/24 18.55.31] Anisa TI: lah iya qila seng aneh;;;;
[18/12/24 18.55.37] Anisa TI: maaf sudah salah ğŸ™ğŸ»;;;;
[18/12/24 18.55.38] momo pacrnya shua: Kan;;;;
[18/12/24 18.55.52] momo pacrnya shua: Aqila typing hanya dia dn allah yg faham;;;;
[18/12/24 18.56.01] momo pacrnya shua: Ni harus ditulis semua?;;;;
[18/12/24 18.57.08] aqila TI: l kwe ra ngge tanda tanya;;;;
[18/12/24 18.57.23] momo pacrnya shua: Siap salah;;;;
[18/12/24 18.57.40] momo pacrnya shua: Skrng beri tau apa itu awa wae;;;;
[18/12/24 18.59.22] Anisa TI: siap salah;;;;
[18/12/24 18.59.26] Anisa TI: sticker omitted;;;;
[18/12/24 18.59.30] Anisa TI: iya;;;;
[18/12/24 19.02.23] aqila TI: aku ogk;;;;
[18/12/24 19.04.13] Anisa TI: lha apa aja;;;;
[18/12/24 19.04.34] aqila TI: ngko tak kirim;;;;
[18/12/24 19.04.46] momo pacrnya shua: Kelamaan dong;;;;
[18/12/24 19.04.59] momo pacrnya shua: Mbok kirim jam 10 ngono ketar ketir;;;;
[18/12/24 19.05.01] Anisa TI: kelamaan sayang;;;;
[18/12/24 19.05.19] momo pacrnya shua: Wes hobi bgt aqila nek ngene ngilang langsung;;;;
[18/12/24 19.16.46] aqila TI: cma jdi 3 lmbar;;;;
[18/12/24 19.16.55] aqila TI: wong yo garap loo;;;;
[18/12/24 19.16.59] aqila TI: y uws ora tak kirim;;;;
[18/12/24 19.17.06] Anisa TI: parahhhh;;;;
[18/12/24 19.17.15] momo pacrnya shua: Astagfirullah;;;;
[18/12/24 19.17.21] momo pacrnya shua: Ngapura ndoro;;;;
[18/12/24 19.17.38] momo pacrnya shua: ğŸ™ğŸ»ğŸ™ğŸ»ğŸ‘²ğŸ¼ğŸ‘¸ğŸ»ğŸ‘©ğŸ¼â€âœˆï¸;;;;
[18/12/24 19.17.45] momo pacrnya shua: Kok iso;;;;
[18/12/24 19.19.25] momo pacrnya shua: Sepil;;;;
[18/12/24 19.19.30] momo pacrnya shua: Mumpung aku masi sm agus;;;;
[18/12/24 19.19.31] Anisa TI: ndang qill;;;;
[18/12/24 19.19.38] Anisa TI: agus;;;;
[18/12/24 19.20.16] Anisa TI: semangat qill nanti dijajain moqta ğŸ˜™;;;;
[18/12/24 19.20.37] momo pacrnya shua: Dijajain agus;;;;
[18/12/24 19.21.08] Anisa TI: hoo qil;;;;
[18/12/24 19.25.46] aqila TI: sabar iso tdakkk;;;;
[18/12/24 19.26.13] momo pacrnya shua: Jek lama tidakk; nek hoo mau maem dabun duls;;;
[18/12/24 19.27.12] aqila TI: image omitted;;;;
[18/12/24 19.27.12] aqila TI: image omitted;;;;
[18/12/24 19.27.13] aqila TI: image omitted;;;;
[18/12/24 19.27.40] Anisa TI: thanks qill;;;;
[18/12/24 19.30.08] aqila TI: ngisor dwe ngko ditambahi cttn;;;;
;;;;
karena anggota cluster tidak berubah; maka iterasi dihentikan di iterasi kedua;;;
[18/12/24 19.30.25] aqila TI: yoo sama-samaa;;;;
[18/12/24 19.30.41] momo pacrnya shua: Waah kok isooo;;;;
[18/12/24 19.30.42] Anisa TI: okee siap;;;;
[18/12/24 19.30.50] momo pacrnya shua: Masyaallah tabarakallah suhu ndoro;;;;
[18/12/24 19.30.55] momo pacrnya shua: ğŸ‘²ğŸ¼ğŸ‘¸ğŸ»ğŸ‘©ğŸ¼â€âœˆï¸;;;;
[18/12/24 19.31.04] momo pacrnya shua: Matur nuwun;;;;
[18/12/24 19.33.51] aqila TI: Nggih sami-sami;;;;
[18/12/24 19.34.48] aqila TI: Niku sampun jelas ing katerangan kang kula tulis;;;;
[18/12/24 19.39.32] momo pacrnya shua: Onjehh matur nuwum;;;;
[18/12/24 19.53.30] haninn: masyaallah makasihh ndoro aqila;;;;
[18/12/24 19.53.43] haninn: mending typing ku/qila????;;;;
[18/12/24 19.58.08] aqila TI: nahh uws enek peningkatan;;;;
[18/12/24 19.58.10] aqila TI: 2%;;;;
[18/12/24 19.59.31] Anisa TI: mu;;;;
[18/12/24 19.59.54] Anisa TI: prak tugas udah selesai niin kmrn?;;;;
[18/12/24 20.02.44] haninn: parah banget;;;;
[18/12/24 20.03.02] haninn: omagaahğŸ˜˜;;;;
[18/12/24 20.04.38] Anisa TI: jgn lupa bsk bawa laptop;;;;
[18/12/24 20.32.59] haninn: okeyy;;;;
[18/12/24 20.33.13] haninn: eh kan enek jawabne ng ol bagian excel e yo ra sih;;;;
[18/12/24 20.33.21] haninn: tugas absen;;;;
[18/12/24 20.38.42] momo pacrnya shua: Sm sm;;;;
[18/12/24 20.38.57] momo pacrnya shua: Embuhi yang;;;;
[18/12/24 21.35.41] haninn: malessğŸ˜’;;;;
[18/12/24 21.46.23] aqila TI: 5% nakne;;;;
[19/12/24 08.04.47] momo pacrnya shua: Online yeeee;;;;
[19/12/24 08.04.54] momo pacrnya shua: Mana gueh baru bangun;;;;
[19/12/24 10.26.01] aqila TI: Spo sek prak tugas e sdh;;;;
[19/12/24 10.26.03] aqila TI: Kok wekku error yoo;;;;
[19/12/24 10.42.25] ~â€¯galuhandhini: H_L200220243_Galuh Andhini (1).pdf â€¢ 10 pages document omitted;;;;
[19/12/24 10.45.20] aqila TI: Masya Allah berkah berkah;;;;
[19/12/24 10.45.23] aqila TI: makasihhh;;;;
[19/12/24 10.46.01] ~â€¯galuhandhini: L200220243.zip document omitted;;;;
[19/12/24 10.46.10] ~â€¯galuhandhini: makasih kembalii;;;;
[19/12/24 10.46.24] ~â€¯galuhandhini: ini udah ada smpe modul 12;;;;
[19/12/24 11.18.05] haninn: masyaallah tabarakalah terima kasih orang baikğŸ™ğŸ¥¹ğŸ˜˜ğŸ˜˜ğŸ˜˜;;;;
[19/12/24 11.18.50] ~â€¯galuhandhini: Makasih kembalii haninnğŸ¥°;;;;
[19/12/24 12.16.23] ~â€¯galuhandhini: Ini dwdm masuk kan??;;;;
[19/12/24 12.16.33] aqila TI: Masuk gak seh?;;;;
[19/12/24 12.16.38] aqila TI: Ogk enek pengumuman;;;;
[19/12/24 12.16.46] ~â€¯galuhandhini: Okee;;;;
[19/12/24 14.20.32] aqila TI: DWDM;;;;
;;;;
1. Data preprocessing;;;;
2. Klasifikasi (studi kasus; milih pake naive bayes atau decision  tree);;;
3. Clustering (k-means);;;;
4. Regresi linier;;;;
5. Boleh pake kalkulator konvensional;;;;
6. Bolh bawa cheetseet 3 lembar pake kertas a4 (isinya rumus; f dan t tabel di regresi linier. *Dalam cheetset ngga blh ada tulisan lain. Cheetseet dikumpulkan* );;;
7. Cheetseet blh di print/tulis tangan <This message was edited>;;;;
[19/12/24 14.22.02] aqila TI: DWDM kls C diganti mingdep hari senin habis ashar;;;;
[19/12/24 14.24.14] momo pacrnya shua: Kata whooo;;;;
[19/12/24 14.24.24] aqila TI: Kata buk e;;;;
[19/12/24 14.24.32] momo pacrnya shua: Lok g ngomong digrup;;;;
[19/12/24 14.24.44] ~â€¯galuhandhini: Diomongin dikls tdi;;;;
[19/12/24 14.24.54] momo pacrnya shua: Rilll g;;;;
[19/12/24 14.24.59] aqila TI: Kls c;;;;
[19/12/24 14.25.03] ~â€¯galuhandhini: Rill;;;;
[19/12/24 14.25.05] aqila TI: Kls jam iki;;;;
[19/12/24 14.25.18] aqila TI: Lgi wae ng kls;;;;
[19/12/24 14.26.50] haninn: kon wa gc saiki qill cptt;;;;
[19/12/24 14.31.17] aqila TI: Hah;;;;
[19/12/24 14.31.30] aqila TI: audio omitted;;;;
[19/12/24 14.48.10] momo pacrnya shua: Brati r kosong anjir;;;;
[19/12/24 14.49.29] haninn: kelas d kpn gantine?;;;;
[19/12/24 15.00.54] aqila TI: La spo sek ngomong ksong;;;;
[19/12/24 15.01.15] aqila TI: Ogak ngerti;;;;
[19/12/24 15.05.25] haninn: lahh kw mau kan ng kelas ra diandani?;;;;
[19/12/24 15.06.59] momo pacrnya shua: Tulisan mu anjr;;;;
[19/12/24 15.17.49] aqila TI: *Mingdep*;;;;
Aku ngirim pesan hari ini jam 14.22;;;;
*Kls c hari ini masuk jam 12.30* <This message was edited>;;;;
[19/12/24 15.21.43] aqila TI: Owhh slh nulis kls;;;;
[19/12/24 15.24.27] haninn: maksud e pie plis;;;;
[19/12/24 15.24.49] aqila TI: DWDM kls D diganti mingdep hari senin habis ashar;;;;
[19/12/24 15.25.41] momo pacrnya shua: Spo mu salahh;;;;
[19/12/24 15.26.26] momo pacrnya shua: DWDM kls d *mingdep diganti* hari senin habis asar;;;;
[19/12/24 15.41.23] Anisa TI: aku suka kalo kalian debat ğŸ«¶ğŸ»;;;;
[19/12/24 16.32.13] momo pacrnya shua: ğŸ™„;;;;
[19/12/24 16.58.11] momo pacrnya shua: momo pacrnya shua pinned a message;;;;
[19/12/24 17.42.08] momo pacrnya shua: Salted egg lapchik laku bgt ternyta;;;;
[19/12/24 17.47.58] aqila TI: Best seller kyone?;;;;
[19/12/24 17.48.16] momo pacrnya shua: Embuh tpi akeh bgt sek beli;;;;
[19/12/24 17.48.24] momo pacrnya shua: N udh habis jdi merk kecewa;;;;
[19/12/24 17.48.29] momo pacrnya shua: Pdhl rasaneğŸ¤¢ğŸ¤¢;;;;
[19/12/24 17.48.35] aqila TI: Kwe iki ng lapchick;;;;
[19/12/24 17.48.38] aqila TI: Wong aneh;;;;
[19/12/24 17.48.42] aqila TI: Gak seneng endoggg;;;;
[19/12/24 17.49.11] aqila TI: Enak sekalee pdhall;;;;
[19/12/24 17.49.38] aqila TI: Tukuo trs request pake putih telor aja bsa ngga mbak;;;;
[19/12/24 17.56.30] haninn: layo telor tu enakkkk;;;;
[19/12/24 18.03.33] aqila TI: Bergizi yoann;;;;
[19/12/24 18.33.35] momo pacrnya shua: Mau sakiki wes smp rumah;;;;
[19/12/24 18.33.42] momo pacrnya shua: Putihe enak kuningeğŸ¤¢ğŸ¤¢;;;;
[20/12/24 08.56.43] Anisa TI: Kode di atas merupakan bagian dari analisis aturan asosiasi; yang biasa digunakan dalam **market basket analysis** untuk menemukan hubungan antara produk dalam kumpulan data transaksi. Khususnya; kode ini mencetak aturan asosiasi yang ditemukan beserta metrik yang relevan seperti **support**; **confidence**; dan **lift**. 
;;;;
### Penjelasan:;;;;
- **association_results**: Ini adalah daftar yang berisi aturan asosiasi yang telah dihasilkan dari algoritma seperti **Apriori** atau **FP-growth**. Setiap item di dalamnya adalah aturan yang terdiri dari beberapa metrik.;;;;
  ;;;;
- **item[0]**: Bagian ini mengandung pasangan item (produk) yang terlibat dalam aturan asosiasi. Di sini; pasangan produk yang berhubungan diambil dan dipisahkan menjadi dua bagian; yaitu **antecedent** (produk awal) dan **consequent** (produk hasil).;;
;;;;
- **pair = item[0]**: Mengambil pasangan produk yang merupakan bagian dari aturan asosiasi.;;;;
  ;;;;
- **items = [x for x in pair]**: Looping sederhana untuk menyimpan pasangan produk dalam bentuk daftar.;;;;
;;;;
#### Metrik yang Dicetak:;;;;
1. **Support**:;;;;
   - Support adalah probabilitas bahwa kedua produk dalam aturan asosiasi terjadi bersama-sama dalam dataset. ;;;;
- `item[1]` mencetak nilai support dari aturan tersebut.;;;;
;;;;
2. **Confidence**:;;;;
   - Confidence adalah probabilitas terjadinya produk **consequent** (produk hasil) jika **antecedent** (produk awal) terjadi.;;;;
- Dicetak dengan `item[2][0][2]`.;;;;
;;;;
3. **Lift**:;;;;
   - Lift mengukur seberapa banyak produk **consequent** lebih mungkin muncul dengan **antecedent** dibandingkan dengan kemungkinan kemunculan produk tersebut secara acak.;;;;
- Dicetak dengan `item[2][0][3]`.;;;;
;;;;
4. **Pemformatan**:;;;;
   - Kode ini mencetak aturan dalam format:;;;;
     ```;;;;
Rule: item[0] -> item[1];;;;
     Support: support_value;;;;
     Confidence: confidence_value;;;;
     Lift: lift_value;;;;
     ```;;;;
   - Garis pemisah ditambahkan untuk membedakan antara aturan yang berbeda.;;;;
;;;;
### Contoh Output:;;;;
1. **Rule: light cream -> chicken**;;;;
- Support: 0.0045333 â†’ Artinya;aturan ini muncul di sekitar 0.45% transaksi dalam dataset.;;;
"- Confidence: 0.29 â†’ Jika ada transaksi yang mengandung ""light cream""";"29% dari waktu tersebut juga mengandung ""chicken"".";;;
- Lift: 4.84 â†’ Artinya;"""chicken"" 4.84 kali lebih mungkin terjadi jika ada ""light cream"" dibandingkan jika dipilih secara acak.";;;
;;;;
2. **Rule: mushroom cream sauce -> escalope**;;;;
- Support: 0.0057 â†’ Artinya;aturan ini muncul di sekitar 0.57% transaksi.;;;
"- Confidence: 0.30 â†’ Jika ada ""mushroom cream sauce""";"30% waktu ""escalope"" juga ada.";;;
"- Lift: 3.79 â†’ ""escalope"" 3.79 kali lebih mungkin muncul bersama ""mushroom cream sauce"" dibandingkan secara acak.";;;;
;;;;
### Kesimpulan:;;;;
Kode ini bertujuan untuk menghasilkan aturan asosiasi dari dataset dan menampilkan hasilnya dengan metrik **support**; **confidence**; dan **lift**; yang digunakan untuk mengevaluasi seberapa kuat hubungan antara produk dalam kumpulan transaksi.;
[20/12/24 09.35.54] Anisa TI: mod12 momo.zip document omitted;;;;
[20/12/24 10.46.38] momo pacrnya shua: Nyesel;;;;
[20/12/24 10.46.52] aqila TI: Ngopoo;;;;
[20/12/24 10.46.54] aqila TI: Enek opoo;;;;
[20/12/24 10.46.57] aqila TI: Kon ngopoo;;;;
[20/12/24 10.47.09] haninn: mending ra nggo kaca mata jadi burem;;;;
[20/12/24 10.47.16] aqila TI: Ngopo sih;;;;
[20/12/24 10.47.26] aqila TI: Nonton video?;;;;
[20/12/24 10.47.39] Anisa TI: siapa yg mau nikah sama gorila?;;;;
[20/12/24 10.47.51] haninn: ak mau nikah sama dk;;;;
[20/12/24 10.48.03] Anisa TI: dk?;;;;
[20/12/24 10.48.19] haninn: dokyeomğŸ˜˜;;;;
[20/12/24 10.48.23] Anisa TI: do kyungso?;;;;
[20/12/24 10.48.27] aqila TI: Ngopo sih;;;;
[20/12/24 10.49.33] Anisa TI: konsekuensi etis (mendudukan sesuatu menjadi layaknya manusia);;;;
[20/12/24 10.53.36] Anisa TI: 1. subjek hukum umum dan spesifik mengenai ai;;;;
2. intelektual properti khususnya patten(what a paten)?;;;;
3. software yg diciptakan dpt dilindungi oleh copyright; hak cipta; paten;;
4. yg kedua apa guys aku ga denger hehe;;;;
[20/12/24 10.54.41] Anisa TI: jadi; kalo mas sama mba perhatikan semua;;;
[20/12/24 11.01.07] Anisa TI: apa itu right to be forgotten?;;;;
[20/12/24 11.13.59] haninn: jelaskna sw yang dapat dilindungi paten;;;;
memiliki sejumlah karakteristik dan pedoman.;;;;
memiliki nilai kebaruan dan invensi yang baru.;;;;
;;;;
right to be forgotten. baik untuk dilupakan ;;;;
apa itu right to be forgotten ;;;;
aspek etis;;;;
- pernah melakukan kesalahan; di masa lalu harus di lupakan. diingetin terus itu ga etis ;;;
- medsos bisa mengakses aib seseorang terus menerus. tidak adil bagi seseorang yg sudah berubah ;;;;
sejauh mana rtbf bisa ditegakkan ;;;;
;;;;
menjelaskan rtbf;;;;
contoh konkret spesifik it;;;;
kesulitan dalam penegakan rtbf;;;;
[20/12/24 11.21.44] aqila TI: Swe bangetttt kaliyan;;;;
[20/12/24 11.22.02] aqila TI: Selak ditutup gerbange;;;;
[20/12/24 11.28.25] momo pacrnya shua: Ngopo mbok tulis anjay;;;;
[20/12/24 11.59.30] Anisa TI: biar ingat;;;;
[20/12/24 12.19.36] ~â€¯galuhandhini: Kampus udah selesai jumatan belum gess?;;;;
[20/12/24 13.04.03] momo pacrnya shua: Udah;;;;
[20/12/24 15.01.32] ~â€¯galuhandhini: Mo tanya dong kmrn kelas nya pak fatah itu kesepakatan nya gmn?;;;;
[20/12/24 15.01.45] ~â€¯galuhandhini: Mingdep hari sabtu masuk offline pagi gtu??;;;;
[20/12/24 15.04.49] haninn: kalo ada ruangan offline kalo ga ada onlen;;;;
[20/12/24 15.05.02] aqila TI: Santu kpn?;;;;
[20/12/24 15.05.02] ~â€¯galuhandhini: Sabtu mingdep kan?;;;;
[20/12/24 15.05.09] haninn: hoo;;;;
[20/12/24 15.05.29] ~â€¯galuhandhini: Wokee tengss;;;;
[20/12/24 15.47.19] haninn: https://x.com/tutitu72513071/status/1869921502004687361?t=410Acs94JSaeYukqDoqAlQ&s=19;;;;
;;;;
p aqila;;;;
[20/12/24 16.48.43] aqila TI: sticker omitted;;;;
[20/12/24 16.57.13] momo pacrnya shua: https://x.com/hubiwithie/status/1869914562134442123?s=08;;;;
[20/12/24 17.32.23] aqila TI: Wahhh;;;;
Parahh;;;;
[20/12/24 18.57.53] aqila TI: https://x.com/kegblgnunfaedh/status/1869731574939623637?t=AeH5D1PrjrwuykZOGbtVJA&s=19;;;;
[20/12/24 18.57.58] aqila TI: Astaghfirullah <This message was edited>;;;;
[20/12/24 19.19.07] aqila TI: info resume zoom metopen minggu wingi dong guyss;;;;
[20/12/24 21.23.43] ~â€¯galuhandhini: Waiting for this message. This may take a while.;;;;
[20/12/24 23.32.52] haninn: omagaa dimana tu;;;;
[20/12/24 23.32.59] haninn: astaghfirullah;;;;
[20/12/24 23.33.08] ~â€¯galuhandhini: Night market;;;;
[20/12/24 23.33.14] ~â€¯galuhandhini: Gatsu;;;;
[20/12/24 23.33.36] haninn: oalahh;;;;
[20/12/24 23.33.45] haninn: beli apaa yuu??;;;;
"[20/12/24 23.33.54] ~â€¯galuhandhini: Jalan"" doang wkwk";;;;
[22/12/24 18.31.41] aqila TI: Gesgs;;;;
[22/12/24 18.32.02] aqila TI: Metopen iku sk ogk sesuai list ng spada brrti di hapus?;;;;
[22/12/24 18.41.37] haninn: ak hoo;;;;
[22/12/24 18.42.00] haninn: kei metode ne ra sih?;;;;
[22/12/24 18.42.14] Anisa TI: apa nich;;;;
[22/12/24 18.42.45] aqila TI: Tpi ogk enek metode;;;;
[22/12/24 18.43.02] haninn: berarti ora yaa;;;;
[22/12/24 18.43.14] aqila TI: Tidakk;;;;
[22/12/24 18.43.22] aqila TI: Aku tak podokne kro spadaa;;;;
[22/12/24 18.43.34] haninn: okeyy;;;;
[22/12/24 18.57.58] aqila TI: ehh;;;;
[22/12/24 18.58.17] aqila TI: iki lembar ttd dospem ngunu ngunu kwi mlu disertakan kah?;;;;
[22/12/24 19.05.08] haninn: ak ora i;;;;
[22/12/24 19.06.06] aqila TI: ddi plek ketiplek spada yoo?;;;;
[22/12/24 19.06.33] aqila TI: soale jre sesuai template skripsi;;;;
ddi tak kro dikei kwi ehehhehe;;;;
[23/12/24 09.35.34] aqila TI: Sek metopen e urg ojo lli;;;;
[23/12/24 09.36.06] Anisa TI: punya ppt nya ga qil?;;;;
[23/12/24 09.36.23] aqila TI: Ppt metopen?;;;;
[23/12/24 09.36.31] Anisa TI: ppt zoom;;;;
[23/12/24 09.36.39] aqila TI: Ogakk;;;;
[23/12/24 09.36.51] Anisa TI: tpodah ngerjain?;;;;
[23/12/24 09.37.14] aqila TI: Sudahh;;;;
[23/12/24 09.37.20] Anisa TI: nirunn;;;;
[23/12/24 09.37.29] Anisa TI: nel boleh sih hehe;;;;
[23/12/24 09.37.38] aqila TI: 12 siang gess dl e;;;;
[23/12/24 09.37.39] aqila TI: Sekk;;;;
[23/12/24 09.37.52] Anisa TI: tal paraphrasene;;;;
[23/12/24 09.38.13] aqila TI: swekk;;;;
[23/12/24 09.42.43] aqila TI: Jum'at masuk prak gess;;;;
[23/12/24 09.42.55] Anisa TI: jare libur;;;;
[23/12/24 09.43.00] aqila TI: masuk gess;;;;
[23/12/24 09.43.05] Anisa TI: ngapain nanti;;;;
[23/12/24 09.43.07] aqila TI: aku bar tanya mbak diva;;;;
[23/12/24 09.43.26] aqila TI: mod 13 mungkin;;;;
tpi bapake kayae ngga masuk;;;;
[23/12/24 09.43.41] aqila TI: makane kisi-kisi dikasih minggu kemaren;;;;
[23/12/24 09.46.43] Anisa TI: aku modul 13 udah guys;;;;
[23/12/24 09.46.45] Anisa TI: mau tak;;;;
[23/12/24 10.50.11] Anisa TI: inforsos kmrn zoom e ada tugas ga yaw?;;;;
[23/12/24 11.26.22] haninn: iyaw;;;;
[23/12/24 11.26.28] haninn: analisis sentimen;;;;
[23/12/24 11.26.47] momo pacrnya shua: Mau;;;;
"[23/12/24 11.26.50] momo pacrnya shua: Sendiri"" apa kel";;;;
[23/12/24 11.28.05] haninn: kelompok;;;;
[23/12/24 11.28.09] haninn: lanjutin tugas kemarin;;;;
[23/12/24 11.28.37] Anisa TI: caranya gmn;;;;
[23/12/24 11.29.02] momo pacrnya shua: Hoo caranee;;;;
[23/12/24 11.32.31] haninn: kodene bapake kemaren panjang bangett;;;;
[23/12/24 11.36.10] Anisa TI: mana nin tak bsntu;;;;
[23/12/24 11.36.17] Anisa TI: masi make google collab?;;;;
[23/12/24 11.37.10] haninn: belomm;;;;
[23/12/24 12.11.40] aqila TI: Ik metopen ki selasa 31 januari 2024;;;;
[23/12/24 12.11.45] aqila TI: Malah mundur;;;;
[23/12/24 12.12.55] Anisa TI: kirain bsk ğŸ˜­;;;;
[23/12/24 12.17.37] aqila TI: Vote gesss;;;;
[23/12/24 12.34.59] momo pacrnya shua: Emoh kelas gue;;;;
[23/12/24 12.35.03] momo pacrnya shua: Inpo ujn g ums;;;;
[23/12/24 12.42.21] haninn: gaa;;;;
[23/12/24 12.47.41] ~â€¯galuhandhini: Ada yg kelas probstat gaa hari ini?;;;;
[23/12/24 13.33.16] Anisa TI: gada;;;;
[23/12/24 13.36.26] ~â€¯galuhandhini: Membuat analisi sentiment dari data yg sudah dikumpulkan;;;;
Bebas menggunakan metode apapun misal sfem;decision tree;;;
Untuk pengumpulan;;;;
Yg pertama data;trus program python nya dikumpulkan dalam 1 zip;;;
[23/12/24 13.36.31] ~â€¯galuhandhini: Tugas inforsos;;;;
[23/12/24 14.26.31] momo pacrnya shua: Info jwbn ada gaa;;;;
[23/12/24 14.26.57] haninn: ppt;;;;
[23/12/24 16.35.28] ~â€¯galuhandhini: image omitted;;;;
[23/12/24 16.35.29] ~â€¯galuhandhini: image omitted;;;;
[23/12/24 16.35.29] ~â€¯galuhandhini: image omitted;;;;
[23/12/24 16.35.29] ~â€¯galuhandhini: image omitted;;;;
[25/12/24 18.06.40] momo pacrnya shua: image omitted;;;;
[25/12/24 18.11.39] haninn: kui tok;;;;